2355697038,573513969
2355697038,476780281
2355697038,67839011
2355697038,330348091
2355697038,43532676
2355697038,1222576416
2355697038,1008653024
2355697038,42608227
2355697038,265807987
573513969,2355697038
573513969,476780281
573513969,67839011
573513969,1222576416
573513969,1008653024
573513969,42608227
573513969,265807987
476780281,2355697038
476780281,573513969
476780281,67839011
476780281,330348091
476780281,1008653024
67839011,2355697038
67839011,573513969
67839011,476780281
67839011,330348091
67839011,1008653024
67839011,265807987
43532676,2355697038
43532676,573513969
43532676,67839011
43532676,330348091
43532676,1222576416
43532676,42608227
43532676,265807987
1222576416,2355697038
1222576416,573513969
1222576416,43532676
1222576416,42608227
1222576416,265807987
1008653024,2355697038
1008653024,573513969
1008653024,476780281
1008653024,67839011
42608227,2355697038
42608227,573513969
42608227,330348091
42608227,1222576416
42608227,265807987
265807987,2355697038
265807987,573513969
265807987,67839011
265807987,330348091
265807987,43532676
265807987,42608227
